[
  {
    "id": 1,
    "name": "Facebook Candidate",
    "friends": [25, 24, 16, 8, 13, 12, 7, 15]
  },
  {
    "id": 2,
    "name": "Anne Emerson",
    "friends": [3, 21, 4, 20, 24, 5, 7, 12, 18]
  },
  {
    "id": 3,
    "name": "Ashley Hopper",
    "friends": [2, 22, 10, 20, 25, 11]
  },
  {
    "id": 4,
    "name": "Alba Gates",
    "friends": [2, 17, 21, 11, 7, 13]
  },
  {
    "id": 5,
    "name": "Louise Pennington",
    "friends": [2, 23, 22, 15, 20, 24]
  },
  {
    "id": 6,
    "name": "Shields Gilliam",
    "friends": [26]
  },
  {
    "id": 7,
    "name": "Freida Evans",
    "friends": [1, 4, 2, 9, 18, 17]
  },
  {
    "id": 8,
    "name": "Noel Serrano",
    "friends": [1, 24, 18, 9, 16, 11, 23]
  },
  {
    "id": 9,
    "name": "Snow Valentine",
    "friends": [7, 23, 8, 10, 22, 11, 12]
  },
  {
    "id": 10,
    "name": "Newton Holmes",
    "friends": [3, 9, 19, 22, 26]
  },
  {
    "id": 11,
    "name": "Marion Fields",
    "friends": [4, 25, 9, 3, 24, 16, 8]
  },
  {
    "id": 12,
    "name": "Cristina Patton",
    "friends": [1, 2, 15, 9]
  },
  {
    "id": 13,
    "name": "Josefa Coffey",
    "friends": [1, 23, 21, 4]
  },
  {
    "id": 14,
    "name": "Jocelyn Wolf",
    "friends": [20]
  },
  {
    "id": 15,
    "name": "Campos Benton",
    "friends": [5, 21, 12, 23, 1]
  },
  {
    "id": 16,
    "name": "Whitfield Ramsey",
    "friends": [1, 19, 8, 18, 11]
  },
  {
    "id": 17,
    "name": "Suarez Rosario",
    "friends": [4, 7, 20]
  },
  {
    "id": 32,
    "name": "John Smith",
    "friends": [51]
  },
  {
    "id": 18,
    "name": "Stewart Graves",
    "friends": [7, 8, 2, 16]
  },
  {
    "id": 19,
    "name": "Claire Kemp",
    "friends": [16, 10, 21, 25]
  },
  {
    "id": 20,
    "name": "Deana Fowler",
    "friends": [2, 3, 5, 14, 17]
  },
  {
    "id": 21,
    "name": "Vasquez Lowery",
    "friends": [2, 4, 13, 15, 19]
  },
  {
    "id": 51,
    "name": "Francisco Alvarado",
    "friends": [32]
  },
  {
    "id": 22,
    "name": "Angelique Vincent",
    "friends": [5, 9, 14, 10, 3]
  },
  {
    "id": 23,
    "name": "Alana Solomon",
    "friends": [5, 9, 13, 15, 24, 8, 25]
  },
  {
    "id": 24,
    "name": "Santana English",
    "friends": [1, 2, 8, 5, 11, 23]
  },
  {
    "id": 25,
    "name": "Katharine Ingram",
    "friends": [1, 3, 11, 19, 23]
  },
  {
    "id": 26,
    "name": "Cameron Bryant",
    "friends": [6, 10]
  },
]
