{
  "adult": false,
  "backdrop_path": "/jeAQdDX9nguP6YOX6QSWKDPkbBo.jpg",
  "belongs_to_collection": null,
  "budget": 23000000,
  "genres": [
    {
      "id": 28,
      "name": "Action"
    },
    {
      "id": 14,
      "name": "Fantasy"
    },
    {
      "id": 878,
      "name": "Science Fiction"
    }
  ],
  "homepage": "https://www.paramountmovies.com/movies/jiu-jitsu",
  "id": 590706,
  "imdb_id": "tt9624766",
  "original_language": "en",
  "original_title": "Jiu Jitsu",
  "overview": "Every six years, an ancient order of jiu-jitsu fighters joins forces to battle a vicious race of alien invaders. But when a celebrated war hero goes down in defeat, the fate of the planet and mankind hangs in the balance.",
  "popularity": 2267.77,
  "poster_path": "/eLT8Cu357VOwBVTitkmlDEg32Fs.jpg",
  "production_companies": [
    {
      "id": 141998,
      "logo_path": null,
      "name": "Acme Rocket Fuel",
      "origin_country": "US"
    },
    {
      "id": 138013,
      "logo_path": null,
      "name": "Green Olive Films",
      "origin_country": "CY"
    }
  ],
  "production_countries": [
    {
      "iso_3166_1": "CY",
      "name": "Cyprus"
    },
    {
      "iso_3166_1": "US",
      "name": "United States of America"
    }
  ],
  "release_date": "2020-11-20",
  "revenue": 74000000,
  "runtime": 102,
  "spoken_languages": [
    {
      "english_name": "English",
      "iso_639_1": "en",
      "name": "English"
    }
  ],
  "status": "Released",
  "tagline": "From the darkness, the ultimate fighter rises.",
  "title": "Jiu Jitsu",
  "video": false,
  "vote_average": 5.7,
  "vote_count": 123
}
